gender,count_gender,department
Male,1375,Accounting
Female,1175,Accounting
Non-Conforming,76,Accounting
Female,19,Auditing
Male,19,Auditing
Male,672,"Business Development"
Female,593,"Business Development"
Non-Conforming,42,"Business Development"
Male,2671,Engineering
Female,2442,Engineering
Non-Conforming,146,Engineering
Female,672,"Human Resources"
Male,721,"Human Resources"
Non-Conforming,37,"Human Resources"
Male,125,Legal
Female,107,Legal
Non-Conforming,5,Legal
Male,199,Marketing
Female,206,Marketing
Non-Conforming,5,Marketing
Male,272,"Product Management"
Female,227,"Product Management"
Non-Conforming,13,"Product Management"
Female,404,"Research and Development"
Male,401,"Research and Development"
Non-Conforming,25,"Research and Development"
Male,739,Sales
Female,648,Sales
Non-Conforming,39,Sales
Female,647,Services
Male,661,Services
Non-Conforming,29,Services
Male,368,Support
Non-Conforming,27,Support
Female,337,Support
Non-Conforming,37,Training
Male,688,Training
Female,613,Training
